url,status
0000111servicehelpdesk.godaddysites.com,0
000011accesswebform.godaddysites.com,0
00003.online,0
0009servicedeskowa.godaddysites.com,0
000n38p.wcomhost.com,0
000n38t.wcomhost.com,0
000n8pc.wcomhost.com,0
000ne9r.wcomhost.com,0
000njep.wcomhost.com,0
000nku9.wcomhost.com,0
000nt6r.wcomhost.com,0
000nx2b.wcomhost.com,0
000o1g0.wcomhost.com,0
000o2ba.wcomhost.com,0
000o2sl.wcomhost.com,0
000o4d4.wcomhost.com,0
000o4n8.wcomhost.com,0
000o5eh.wcomhost.com,0
000o8dc.wcomhost.com,0
001002.xyz,0
0010defaulttypeds0678pailem.weebly.com,0
00110omeopranslateslentldetext.godaddysites.com,0
00432453212346.z13.web.core.windows.net,0
00e9e64bacce231bc2e4635333a7a68bbab82bbabbb7941b9b-apidata.googleusercontent.com,0
00wellsfarg.azurewebsites.net,0
0101-mx001.emailnetwork.uk,0
0132.slfrc209.com,0
018161955758690-dot-cjr-ksh-egy.appspot.com,0
0307shppsp01.fun,0
0331.16mb.com,0
0365officeonline.blob.core.windows.net,0
0365officeproduct.blob.core.windows.net,0
039282fsd.z19.web.core.windows.net,0
041089719357198-dot-cjr-ksh-egy.appspot.com,0
042019.tk,0
04393bf.netsolhost.com,0
043b689.netsolhost.com,0
043b791.netsolhost.com,0
043bccd.netsolhost.com,0
044088d.wcomhost.com,0
04df7d95-f8fb-4d90-97df-7d56dd7640ce-9d951d.netlify.com,0
0503.site,0
061093220165.ctinets.com,0
067f3f4d4e085681f28dee075d3bf310.gq,0
073zlaokta.com,0
08-2019-central.cloudaccess.host,0
08782949.624dgns34gh.pw,0
0879.bounceme.net,0
088invoice.online,0
08ea080b.ngrok.io,0
08fb4a32b302c45e.insonpolooapp.xyz,0
090676b3fedd4b4dbd28a578c432da8e.testurl.ws,0
09102019helpdesk20ticket-secondary.z19.web.core.windows.net,0
091100-start-att.weebly.com,0
09-2019-novobanc-o.cloudaccess.host,0
0946658.godaddysites.com,0
0947.16mb.com,0
0b50yutyudmynkmsh0mp0t7d6i4rv4pxw52a4ii9x8wajv4m4j.xyz,0
0bmen-money.online,0
0bmen.online,0
0c2onosts-svcs.myddns.me,0
0c584d61-0ba8-48fe-8709-44323bfc47c1.htmlcomponentservice.com,0
0d03525a.ngrok.io,0
0et.cn40p.pro,0
0ffice-resolving-l0gin-365.trilhadojerico.com.br,0
0ffice-securltlesy-micr0s0ft-acc0unt.online,0
0fflce-ac0unt-secure-auuth-mlcr0s0ft.xyz,0
0fj3.icu,0
0iosr4na5grhmyf.mediderm.com,0
0mmbre5dfb31.netlify.com,0
0s.or3ws5dumvzc4y3pnu.drgo.ru,0
0s.or3ws5dumvzc4y3pnu.mbway.ru,0
0utiook.live,0
0utl00k-365-0ff1ce0nline.ml,0
0w6dcfry8540pw57cy436t1by8qqd2cen2mmf31fv9betkpxb0.xyz,0
0x8e89ad3526d65f8a.xyz,0
10000587845458.16mb.com,0
10000eth.net,0
1000265854000295.16mb.com,0
10008412545141.16mb.com,0
100389.azurewebsites.net,0
10059.azurewebsites.net,0
100amzm.azurewebsites.net,0
100btc.online,0
100dh.tk,0
100monet.online,0
100x-mlt-btc.com,0
1010928192.hopto.org,0
10124-settings.16mb.com,0
101-781-130-314.co.nf,0
1024201522.rsc.cdn77.org,0
1024565520000.16mb.com,0
103.114.104.87,0
103.119.0.224,0
103.119.30.176,0
103.195.100.74,0
103.195.7.246,0
103.195.7.57,0
103.210.236.134,0
103.21.182.11,0
103.21.182.17,0
103.213.249.217,0
103.231.14.198,0
103.250.52.30,0
103.27.227.176,0
103.41.45.130,0
103.52.188.138,0
103.56.16.107,0
103.56.16.190,0
103.70.226.173,0
103.71.168.43,0
103.71.49.221,0
104.211.16.249,0
104.211.60.209,0
104.211.62.155,0
104.237.5.32,0
104.248.111.110,0
104.248.135.188,0
104.248.143.105,0
104.248.146.112,0
104.248.146.7,0
104.248.147.161,0
104.248.172.52,0
104.248.174.217,0
104.248.18.93,0
104.248.220.209,0
104.248.231.84,0
104.248.247.139,0
104.248.29.234,0
104.248.45.224,0
104.248.65.16,0
104.248.71.142,0
104.248.75.171,0
104.248.88.150,0
104.248.89.214,0
104.248.98.122,0
104.248.99.69,0
104.250.166.48,0
104.36.166.234,0
104.36.167.8,0
104.41.137.231,0
104.41.145.115,0
104.41.154.40,0
104.41.36.234,0
104.41.63.88,0
104.42.147.243,0
106.12.21.106,0
106.12.28.36,0
106.14.119.113,0
106.75.17.151,0
107.155.133.179,0
1079lehman.com,0
109046878085679-dot-bel-jrs-jbf.appspot.com,0
109.176.11.9,0
10c56fb8-6ae8-4d40-bb14-a3890c961371.htmlcomponentservice.com,0
111.231.208.47,0
111.67.200.164,0
111.90.144.157,0
111.90.144.67,0
111.90.150.10,0
111.90.150.144,0
111.90.150.220,0
111.90.150.62,0
111ksha1154152ksha11.blob.core.windows.net,0
112.175.114.36,0
11241251251616123.putusjinus.com,0
115.126.98.4,0
11612416241651michal1.blob.core.windows.net,0
116.206.177.167,0
116.206.177.189,0
116.206.179.53,0
116.89.241.78,0
117.219.247.35.bc.googleusercontent.com,0
118.127.32.153,0
118.192.231.35.bc.googleusercontent.com,0
118.25.176.38,0
118.25.61.187,0
121.207.250.132,0
121.35.255.35,0
12.157.226.135,0
1216216262611266truble1.blob.core.windows.net,0
1221111sw.ml,0
122.114.160.201,0
122.114.187.34,0
122.1.197.28,0
122.154.57.101,0
1226341563415612james12.blob.core.windows.net,0
123.142.192.18,0
123.242.172.6,0
123.login-bankofamerica-com-security-dsa2.com,0
125.90.52.61,0
128.14.128.144,0
128.14.128.145,0
128.14.128.146,0
128.14.128.147,0
128.14.128.148,0
128.14.128.149,0
128.14.128.150,0
128.14.128.151,0
128.14.128.152,0
128.14.128.153,0
128.14.128.154,0
128.14.128.155,0
128.14.128.156,0
128.14.128.157,0
128.14.128.158,0
128.14.128.159,0
128.14.135.232,0
128.14.135.233,0
128.14.135.234,0
128.14.135.235,0
128.14.135.236,0
128.14.135.237,0
128.14.135.238,0
128.14.135.239,0
128.14.144.148,0
128.14.144.149,0
128.14.144.150,0
128.14.144.151,0
128.14.144.152,0
128.14.144.153,0
128.14.144.154,0
128.14.144.155,0
128.14.144.156,0
128.14.144.157,0
128.14.144.158,0
128.14.144.159,0
128.1.90.136,0
128.1.90.137,0
128.1.90.138,0
128.1.90.139,0
128.1.90.140,0
128.1.90.141,0
128.1.90.142,0
128.1.90.143,0
128.199.179.51,0
128.199.216.101,0
128.199.216.69,0
128.199.239.180,0
128.199.251.41,0
128.199.35.5,0
128.199.50.21,0
128.242.247.35.bc.googleusercontent.com,0
129.204.223.222,0
129-427-425-22-com.yellowhammer6052.getlark.hosting,0
13099.azurewebsites.net,0
132.145.36.176,0
13216415645164easye13.blob.core.windows.net,0
13239012391102.pw,0
1336-badminton.com,0
134.0.17.106,0
134.119.177.132,0
1341456241651dy13.blob.core.windows.net,0
134.209.100.14,0
134.209.109.170,0
134.209.118.49,0
134.209.128.17,0
134.209.131.182,0
134.209.131.230,0
134.209.144.101,0
134.209.150.213,0
134.209.158.88,0
134.209.192.200,0
134.209.194.89,0
134.209.198.175,0
134.209.209.231,0
134.209.23.25,0
134.209.242.131,0
134.209.253.114,0
134.209.26.225,0
134.209.27.203,0
134.209.38.210,0
134.209.40.172,0
134.209.49.14,0
134.209.49.175,0
134.209.52.179,0
134.209.88.224,0
134.209.92.148,0
1359940.fls.doubleclick.net,0
1365415641lily13.blob.core.windows.net,0
13.68.129.70,0
137.117.74.187,0
13.72.111.148,0
13.72.68.158,0
138.118.173.107,0
138.118.173.59,0
138.197.105.106,0
138.197.110.153,0
138.197.131.52,0
138.197.136.185,0
138.197.141.98,0
138.197.144.94,0
138.197.152.28,0
138.197.154.135,0
138.197.154.159,0
138.197.159.35,0
138.197.164.131,0
138.197.164.43,0
138.197.165.126,0
138.197.165.5,0
138.197.166.156,0
138.197.172.225,0
138.197.174.109,0
138.197.201.115,0
138.197.207.84,0
138.197.210.222,0
138.197.226.8,0
138.197.7.95,0
138.197.99.19,0
138.197.99.218,0
138.31.197.104.bc.googleusercontent.com,0
138.68.100.226,0
138.68.110.66,0
138.68.113.64,0
138.68.114.29,0
138.68.115.8,0
138.68.118.63,0
138.68.122.207,0
138.68.235.146,0
138.68.243.59,0
138.68.38.72,0
138.68.65.5,0
138.68.65.94,0
138.68.73.49,0
13.88.249.139,0
138.91.123.172,0
13.90.102.86,0
13.90.80.208,0
13.92.94.164,0
139.59.105.23,0
139.59.106.210,0
139.59.123.163,0
139.59.137.53,0
139.59.142.210,0
139.59.146.182,0
139.59.151.102,0
139.59.158.120,0
139.59.192.191,0
139.59.193.19,0
139.59.193.8,0
139.59.194.129,0
139.59.194.5,0
139.59.199.237,0
139.59.201.27,0
139.59.217.81,0
139.59.218.160,0
139.59.219.132,0
139.59.220.216,0
139.59.220.22,0
139.59.220.26,0
139.59.222.170,0
139.59.29.230,0
139.59.3.197,0
139.59.32.75,0
139.59.33.221,0
139.59.48.94,0
139.59.5.121,0
139.59.52.212,0
139.59.53.139,0
139.59.53.31,0
139.59.55.98,0
139.59.57.4,0
139.59.58.195,0
139.59.60.5,0
139.59.62.203,0
139.59.63.124,0
139.59.65.168,0
139.59.65.23,0
139.59.65.33,0
139.59.72.135,0
139.59.73.174,0
139.59.80.6,0
139.59.85.238,0
139.59.87.100,0
139.59.89.57,0
139.59.93.77,0
139.59.94.9,0
140.175.198.35.bc.googleusercontent.com,0
140736745472333-dot-bejd-sle-ghw.appspot.com,0
142.93.116.48,0
142.93.119.179,0
142.93.124.29,0
142.93.129.176,0
142.93.135.117,0
142.93.135.226,0
142.93.143.77,0
142.93.144.153,0
142.93.144.67,0
142.93.148.123,0
142.93.149.173,0
142.93.153.169,0
142.93.154.141,0
142.93.171.178,0
142.93.181.27,0
142.93.208.119,0
142.93.211.67,0
142.93.212.238,0
142.93.215.209,0
142.93.215.38,0
142.93.217.212,0
142.93.222.130,0
142.93.225.106,0
142.93.225.92,0
142.93.231.244,0
142.93.245.223,0
142.93.255.31,0
142.93.32.63,0
142.93.33.255,0
142.93.39.145,0
142.93.39.67,0
142.93.48.173,0
142.93.65.62,0
142.93.80.65,0
144.208.127.81,0
14456.schooltime-co.com,0
14.49.36.212,0
14.49.38.240,0
14.49.39.56,0
145.239.39.168,0
145410000000.16mb.com,0
146.249.92.34.bc.googleusercontent.com,0
146.27.198.35.bc.googleusercontent.com,0
14.63.167.3,0
14.63.175.210,0
146.83.102.99,0
149.202.110.19,0
149.56.122.138,0
149.56.89.121,0
14limet14limet14.blob.core.windows.net,0
14qxh1uh14xhx.z13.web.core.windows.net,0
1512510452152reiddan15.blob.core.windows.net,0
151541524152k15k15.blob.core.windows.net,0
152.32.147.22,0
154.189.198.35.bc.googleusercontent.com,0
154.218.70.240,0
154.221.17.70,0
154l.icu,0
15665615ksha1.blob.core.windows.net,0
156pi.myvnc.com,0
157.230.122.24,0
157.230.124.131,0
157.230.134.28,0
157.230.146.46,0
157.230.16.131,0
157.230.176.144,0
157.230.187.218,0
157.230.188.96,0
157.230.192.30,0
157.230.196.111,0
157.230.198.14,0
157.230.199.45,0
157.230.214.232,0
157.230.222.114,0
157.230.224.200,0
157.230.250.6,0
157.230.27.152,0
157.230.43.198,0
157.230.44.51,0
157.230.54.11,0
157.230.64.150,0
157.230.65.193,0
157.230.65.245,0
157.230.65.8,0
157.230.74.255,0
157.230.79.11,0
157.245.100.126,0
157.245.102.177,0
157.245.102.239,0
157.245.103.90,0
157.245.107.92,0
157.245.110.44,0
157.245.111.153,0
157.245.111.171,0
157.245.141.253,0
157.245.144.150,0
157.245.157.214,0
157.245.181.102,0
157.245.191.236,0
157.245.199.76,0
157.245.36.163,0
157.245.3.81,0
157.245.39.126,0
157.245.4.104,0
157.245.47.22,0
157.245.65.198,0
157.245.67.90,0
157.245.71.118,0
157.245.76.202,0
157.245.76.229,0
157.245.78.49,0
157.245.89.14,0
157.245.91.136,0
157.245.94.180,0
157.245.97.183,0
157.245.99.1,0
1581abidjanonomatopoeic.com,0
15864597932ing.16mb.com,0
159.203.0.94,0
159.203.10.198,0
159.203.115.201,0
159.203.13.210,0
159.203.14.254,0
159.203.16.183,0
159.203.17.142,0
159.203.179.212,0
159.203.185.253,0
159.203.19.144,0
159.203.21.199,0
159.203.22.236,0
159.203.23.115,0
159.203.26.132,0
159.203.26.89,0
159.203.30.243,0
159.203.37.186,0
159.203.4.109,0
159.203.41.51,0
159.203.44.246,0
159.203.48.160,0
159.203.57.154,0
159.203.59.128,0
159.203.61.24,0
159.203.62.123,0
159.203.7.147,0
159.203.8.133,0
159.65.121.122,0
159.65.130.249,0
159.65.136.185,0
159.65.140.207,0
159.65.146.201,0
159.65.147.56,0
159.65.153.194,0
159.65.153.221,0
159.65.154.162,0
159.65.157.60,0
159.65.170.235,0
159.65.190.29,0
159.65.212.203,0
159.65.225.100,0
159.65.234.165,0
159.65.4.138,0
159.65.50.162,0
159.65.53.211,0
159.65.58.201,0
159.65.9.178,0
159.65.99.55,0
15988taiwan.16mb.com,0
159.89.110.138,0
159.89.114.245,0
159.89.114.85,0
159.89.118.206,0
159.89.120.47,0
159.89.123.19,0
159.89.124.76,0
159.89.125.211,0
159.89.126.168,0
159.89.126.175,0
159.89.126.46,0
159.89.12.88,0
159.89.134.222,0
159.89.152.138,0
159.89.161.84,0
159.89.169.161,0
159.89.208.217,0
159.89.209.178,0
159.89.210.209,0
159.89.211.107,0
159.89.226.53,0
159.89.40.87,0
159.89.55.65,0
159.89.8.84,0
159.89.94.101,0
16165465trubl16.blob.core.windows.net,0
162.211.177.143,0
162.222.215.136,0
162.243.162.73,0
162.243.165.155,0
162.243.166.226,0
162.243.167.15,0
162.244.77.183,0
162.248.53.29,0
162.71.239.35.bc.googleusercontent.com,0
163.255.247.35.bc.googleusercontent.com,0
163.27.127.131,0
163.47.10.64,0
163.47.10.90,0
163.47.11.199,0
163.47.11.35,0
163log.tk,0
164.251.74.34.bc.googleusercontent.com,0
16521632162151521balo1.blob.core.windows.net,0
165.22.103.235,0
165.22.107.19,0
165.22.107.72,0
165.22.110.122,0
165.22.125.138,0
165.22.132.118,0
165.22.132.81,0
165.22.148.191,0
165.22.155.206,0
165.22.158.175,0
165.22.166.209,0
165.22.17.28,0
165.22.186.26,0
165.22.202.100,0
165.22.206.213,0
165.22.210.214,0
165.22.220.6,0
165.22.224.97,0
165.22.226.145,0
165.22.227.46,0
165.22.228.68,0
165.22.230.205,0
165.22.230.9,0
165.22.231.212,0
165.22.231.31,0
165.22.235.127,0
165.22.236.3,0
165.22.237.199,0
165.22.239.14,0
165.22.248.250,0
165.22.248.39,0
165.22.249.232,0
165.22.29.42,0
165.22.30.64,0
165.22.32.39,0
165.22.42.241,0
165.22.45.187,0
165.22.4.76,0
165.22.51.107,0
165.22.62.0,0
165.22.63.146,0
165.227.112.195,0
165.227.138.133,0
165.227.14.117,0
165.227.198.11,0
165.227.200.9,0
165.227.34.248,0
165.227.35.123,0
165.227.37.91,0
165.227.40.225,0
165.227.41.68,0
165.227.42.101,0
165.227.42.67,0
165.227.43.196,0
165.227.45.249,0
165.227.46.18,0
165.227.46.201,0
165.227.84.236,0
165.227.89.59,0
165.22.80.242,0
165.22.86.224,0
165.22.88.176,0
165.22.90.20,0
165.22.96.127,0
165.22.97.183,0
165.22.98.110,0
165.22.98.94,0
167.71.107.169,0
167.71.113.78,0
167.71.115.61,0
167.71.123.71,0
167.71.131.167,0
167.71.143.84,0
167.71.164.182,0
167.71.164.74,0
167.71.173.222,0
167.71.181.170,0
167.71.187.119,0
167.71.191.95,0
167.71.193.205,0
167.71.196.15,0
167.71.198.116,0
167.71.204.168,0
167.71.210.19,0
167.71.213.233,0
167.71.225.56,0
167.71.227.214,0
167.71.229.58,0
167.71.229.80,0
167.71.232.35,0
167.71.233.99,0
167.71.237.44,0
167.71.238.98,0
167.71.46.191,0
167.71.4.79,0
167.71.65.47,0
167.71.66.102,0
167.71.70.89,0
167.71.72.198,0
167.71.78.46,0
167.71.79.161,0
167.71.82.108,0
167.71.97.224,0
167.71.98.71,0
167964aaa.16mb.com,0
167.99.11.245,0
167.99.127.102,0
167.99.13.226,0
167.99.148.203,0
167.99.15.171,0
167.99.152.201,0
167.99.172.178,0
167.99.176.240,0
167.99.179.239,0
167.99.181.174,0
167.99.185.55,0
167.99.187.178,0
167.99.188.241,0
167.99.189.205,0
167.99.191.222,0
167.99.193.10,0
167.99.208.70,0
167.99.2.241,0
167.99.241.112,0
167.99.26.207,0
167.99.30.185,0
167.99.32.164,0
167.99.68.48,0
167.99.85.205,0
167.99.86.8,0
167.99.94.60,0
16ca170e6ab0c5f3af75f62f6.b-rdrt.com,0
16pas.xyz,0
172.94.49.143,0
173.1.17.18,0
173.71.199.35.bc.googleusercontent.com,0
174.138.106.174,0
174.138.107.217,0
174.138.111.159,0
174.138.112.169,0
174.138.120.183,0
174.138.23.220,0
174.138.35.27,0
174.138.36.47,0
174.138.37.218,0
174.138.43.181,0
174.79.235.35.bc.googleusercontent.com,0
175.124.213.39,0
175263416michil17.blob.core.windows.net,0
1756christytroublesome.com,0
176.10.118.159,0
176.121.14.103,0
176.32.35.129,0
177.15.96.254,0
178.128.107.112,0
178.128.108.201,0
178.128.110.146,0
178.128.116.186,0
178.128.125.235,0
178.128.126.145,0
178.128.133.222,0
178.128.134.182,0
178.128.143.122,0
178.128.14.33,0
178.128.151.150,0
178.128.167.87,0
178.128.172.20,0
178.128.206.16,0
178.128.206.20,0
178.128.210.201,0
178.128.224.182,0
178.128.224.230,0
178.128.227.166,0
178.128.231.191,0
178.128.231.22,0
178.128.233.102,0
178.128.233.117,0
178.128.233.208,0
178.128.23.48,0
178.128.235.230,0
178.128.236.247,0
178.128.238.27,0
178.128.238.27.dsl.dyn.forthnet.gr,0
178.128.243.211,0
178.128.50.224,0
178.128.55.105,0
178.128.61.225,0
178.128.78.199,0
178.128.99.185,0
178.159.36.177,0
178.159.36.236,0
178.238.79.72,0
178.62.194.244,0
178.62.2.172,0
178.62.225.107,0
178.62.232.170,0
178.62.241.139,0
178.62.243.75,0
178.62.244.45,0
178.62.251.136,0
178.62.31.108,0
178.62.39.106,0
178.62.47.209,0
178.62.73.135,0
178.74.189.35.bc.googleusercontent.com,0
1795ece2044f7d3e77509a2fa36834e8.2180688.xyz,0
1799610025.16mb.com,0
1800messages.azureedge.net,0
181.49.105.142,0
182.252.0.140,0
182.253.197.100,0
1826164156drm18.blob.core.windows.net,0
185.10.186.146,0
185.104.181.15,0
185.117.73.55,0
185.130.215.170,0
185.141.25.145,0
185.143.221.14,0
185.181.8.197,0
185.183.96.221,0
185.183.98.199,0
185.183.98.204,0
185.186.77.67,0
185.193.125.182,0
185.237.96.212,0
185.244.149.159,0
185.244.149.177,0
185.247.183.33,0
185.251.249.172,0
185.35.137.146,0
185.41.154.203,0
185.45.193.122,0
185.61.148.33,0
185.61.149.106,0
185.61.149.115,0
185.78.196.229,0
185.82.200.76,0
185.86.148.173,0
185.86.149.40,0
1-866-416.com,0
186.75.130.46,0
188.127.231.244,0
188.128.111.33,0
188.166.114.111,0
188.166.135.36,0
188.166.162.172,0
188.166.163.46,0
188.166.17.173,0
188.166.196.134,0
188.166.197.129,0
188.166.198.120,0
188.166.199.110,0
188.166.199.79,0
188.166.204.157,0
188.166.204.231,0
188.166.205.180,0
188.166.205.47,0
188.166.206.109,0
188.166.207.56,0
188.166.2.43,0
188.166.25.139,0
188.166.28.91,0
188.166.43.246,0
188.166.7.239,0
189.36.52.206,0
1900010231093.aw-pay.com,0
191.232.161.117,0
191.232.197.168,0
191.232.198.68,0
191.232.246.45,0
191.234.166.127,0
191.234.177.195,0
191.234.183.222,0
191.234.187.18,0
191.234.191.10,0
191.237.250.37,0
191.238.211.52,0
191.239.241.3,0
191.239.246.88,0
191.239.248.247,0
191.239.251.21,0
191.6.148.33,0
192.154.230.157,0
192.185.130.225,0
192.185.167.85,0
192.185.193.218,0
192.185.228.120,0
192.185.92.224,0
192.190.42.132,0
192.190.42.242,0
192.190.43.129,0
192.241.159.120,0
192.254.193.207,0
192.34.62.213,0
192.81.217.224,0
193.161.193.99,0
1932.cnltsln.com,0
194.76.224.40,0
195.24.64.53,0
195.24.65.117,0
195.24.66.190,0
195.24.66.216,0
195.24.67.26,0
196.2.63.50,0
198.199.66.120,0
198.199.76.149,0
198.199.85.242,0
198.27.120.110,0
198.44.182.212,0
198.46.94.47,0
19850078.ngrok.io,0
198.71.61.17,0
199.188.201.11,0
199.192.19.196,0
199.89.54.128,0
19cottage.net,0
1afd.icu,0
1.bp.blogspot.com,0
1c8cefbb.ngrok.io,0
1cibc.mobi,0
1ckzn.ru,0
1d2703e4e86d6ddb8530a427d6b6cd17.201711144.xyz,0
1drive.duckdns.org,0
1drve.site,0
1drvs.cf,0
1.e92850px.bget.ru,0
1eto-vk-pacani.blogspot.com,0
1f63f4dc.ngrok.io,0
1fdc0a0f.ngrok.io,0
1.fido-reference-8777283.com,0
1gce.icu,0
1idoc.tk,0
1i-fi.online,0
1kdailyprofitvip.online,0
1ll.us,0
1netflix-refund.com,0
1nt-onjava.com,0
1obmen.online,0
1onedrivemicros.ddns.net,0
1.ott1.info,0
1.ott1.org,0
1po8gtd1lq393q6b3lt0p8ouaftquo9jaw1m8pz9w7zxping7r.xyz,0
1rona.app.link,0
1rp4mmcie0jcnphtxbjy.rachelswindow.com,0
1sacdmellwosgrau.club,0
1secured.incomeing1.tax1.uk.return.excess1.payment1x.claim1x.now.hmrevenueandcustoms1x.1019.crown1.copyright.personal.and.corporate1.taxrefundcenterpctrc1x.all.rights.reserved.eapnorthamerica.com,0
1services1.azurewebsites.net,0
1.shortstack.com,0
1signs-1forg0tconfirmed.gabriellaprastuti.com,0
1stickers1.blogspot.com,0
1und1.from-de.com,0
1und1-verify-de-2342434.xyz,0
1updateinformation.servecounterstrike.com,0
1wacbell.com,0
1wellsfargo1.azurewebsites.net,0
1-zd.tumblr.com,0
1zf9.icu,0
201.163.98.162,0
2018.zenith-pyrenees.com,0
20190530t125954-dot-vib87rant-26folder-242113.appspot.com,0
20190530t160027-dot-vib87rant-26folder-242113.appspot.com,0
2019-aktualisierungen-zur-dsvgo-sicherheiten.icu,0
2019-aktualisierung-zur-dsvgo-sicherheitsystem.icu,0
2019analyse-nutzerhilfe00291-legit1mierung-pruefung00029.icu,0
2019-file-download-service-pdf-downloader.azurewebsites.net,0
2019giveaway.com,0
2019-multiplus.joomla.com,0
2019myaccountt1.com-webpp2019.com,0
2019rea.com,0
2019-sicherheits-zur-dsvgo-aktualisierungen.icu,0
2019-validierung-zur-sicherheit.icu,0
203.147.165.109,0
203.177.100.180,0
205.242.20.192,0
206.189.118.168,0
206.189.129.41,0
206.189.132.33,0
206.189.136.176,0
206.189.140.116,0
206.189.141.182,0
206.189.150.89,0
206.189.165.220,0
206.189.172.136,0
206.189.18.217,0
206.189.212.214,0
206.189.214.117,0
206.189.214.33,0
206.189.24.111,0
206.189.247.201,0
206.189.39.243,0
206.189.42.168,0
206.189.65.41,0
206.189.80.133,0
206.189.82.252,0
206.189.82.46,0
206.189.87.184,0
206.189.87.206,0
206.189.90.52,0
206.189.93.184,0
206.189.94.227,0
206.81.14.224,0
206.81.14.32,0
206.81.17.94,0
207.154.216.236,0
207.154.228.254,0
207.154.252.213,0
207.154.253.64,0
209.182.206.70,0
209.182.217.224,0
209.200.66.41,0
209.200.95.230,0
209.253.239.35.bc.googleusercontent.com,0
209.61.195.204.nuansaelektronik.com,0
209.61.195.204.probioticacorp.com,0
209.97.128.110,0
209.97.142.196,0
209.97.151.45,0
209.97.161.196,0
209.97.166.152,0
209.97.166.90,0
209.97.171.188,0
209.97.172.139,0
209.97.177.173,0
21009.azurewebsites.net,0
211.193.48.67,0
212.52.224.181,0
213.238.170.124,0
213.241.89.157,0
213.249.163.212,0
2156126125612hrison2.blob.core.windows.net,0
216.170.114.205,0
216.170.114.227,0
216.170.114.228,0
216.170.123.199,0
216.170.123.252,0
216.170.126.100,0
216.170.126.177,0
216.241.87.245,0
216.33.71.52,0
217.8.117.8,0
22001.16mb.com,0
222387665321487.16mb.com,0
22551000055t.16mb.com,0
2260623af05d4b11b5d9366a1fd8a99f.yatu.ws,0
22a9c3e4.ngrok.io,0
22fxp.godaddysites.com,0
22vk-ru.1gb.ru,0
23.100.13.23,0
23.102.161.45,0
23232thrwe.multiscreensite.com,0
23.249.163.34,0
23.249.167.178,0
23.253.40.173,0
23.254.119.36,0
23.254.119.42,0
23337435225260.aw-pay.com,0
2342342342090.pw,0
234.servehttp.com,0
235.213.193.35.bc.googleusercontent.com,0
235435110121.16mb.com,0
2378368238764account.blob.core.windows.net,0
23.82.19.131,0
238.58.93.34.bc.googleusercontent.com,0
23.96.102.103,0
23.99.192.114,0
23.99.225.208,0
23e7b3d704c45d4464ca8be32817c2ac.201711144.xyz,0
240plan.ovh.net,0
241.2.203.35.bc.googleusercontent.com,0
2441564156jimme2.blob.core.windows.net,0
244dadsfsdf.tk,0
247pharmaexpress.net,0
24.banortebxi.com.accesobnte24.com,0
24.banorte.com.accesobnt24.com,0
24.banorte.com.bxi.accesobnt24a.com,0
24exchange.one,0
24faktypolska.eu,0
24obmen.one,0
24paybank.online,0
2525625122151452harison2.blob.core.windows.net,0
254.38returnfromrevenueagencyconfirmed.berkarsln.com,0
254.38returnfromrevenueagency.conturaenergy.in,0
254.38returnfromrevenueagency-id-number768721.zamantransportservice.com,0
254.38-return-from-revenue-agency-interac.mangoleafresort.in,0
255.215.211.130.bc.googleusercontent.com,0
2564548524524154mislly13.blob.core.windows.net,0
256-secure-mail.mailchkmessagenll.host,0
25-year.cf,0
264.200.64.2.mail.cansukolukirik.com,0
268247399406632270.weebly.com,0
26b84a6734ee.godaddysites.com,0
2721.bahlolah.com,0
27382.cnltsln.com,0
27.54.68.34.bc.googleusercontent.com,0
283db5f128143ab5539affa7ec0d6219.1738657.xyz,0
291dcgyawnhiedlcm.ddns.net,0
2929298ue03.z13.web.core.windows.net,0
293713.pl,0
2968c914f4da694c.getinsonpoloo.xyz,0
298409382904809324809324.blob.core.windows.net,0
2a62ea19.ngrok.io,0
2afcd363.ngrok.io,0
2bbit.online,0
2be05e84.ngrok.io,0
2bict.net.ru,0
2bift.net.ru,0
2bift.org.ru,0
2bift.xyz,0
2bitc.website,0
2bitc.xyz,0
2bite.net.ru,0
2bite.org.ru,0
2bite.pp.ru,0
2bite.space,0
2bite.website,0
2bitf.org.ru,0
2biti.net.ru,0
2bitl.net.ru,0
2bitl.org.ru,0
2-bit.org.ru,0
2bit.ru.com,0
2bitt.fun,0
2bity.org.ru,0
2bity.pp.ru,0
2bitz.net.ru,0
2bitz.org.ru,0
2bitz.pp.ru,0
2cent37.com,0
2cvc.azurewebsites.net,0
2dehandsaccountbetrouwbaarheidbevestigenbelgie.ngrok.io,0
2dehands-activatieprotocol.online,0
2dehands-bank-verificatie.ngrok.io,0
2dehands.be.iban-verificatie.icu,0
2dehands.be.iban-verification.info,0
2dehandsbetrouwbaarheidbevestigenbelg.ngrok.io,0
2dehandsbetrouwbaarheidbevestigen.ngrok.io,0
2dehandsbetrouwbaarheidbevestigingbelgie.ngrok.io,0
2dehands-controleplatform.online,0
2dehands-eerlijkhandelen.online,0
2dehands-ibancheck.online,0
2dehands.iban-check.tk,0
2dehands-iban-veiligheidscontrole.online,0
2dehands-iban-verificatie.be.msg239.icu,0
2dehands-iban-verificatie.be.msg597.icu,0
2dehands-protocol.online,0
2dehands-veiligheid.online,0
2dehands-verificatie.be,0
2dehands-verificatie.msg413.icu,0
2dehands-verificatie.website,0
2dehands-verifieer.online,0
2df94b1ec6d883d73d53cec828fc2295.201711144.xyz,0
2df94b1ec6d883d73d53cec828fc2295.263440.xyz,0
2dq1.icu,0
2e5561e4.ngrok.io,0
2.easyx.ru,0
2eb4119834b2403a9fc58e41123550ec.testurl.ws,0
2ehands.authenticatiefactor.com,0
2fb163a463f9d3e1e635ad3abbfcb177.201711144.xyz,0
2mw3.icu,0
2.mxz.biz,0
2o28.icu,0
2serviceonlyforme.website,0
2support-verification-nab.com,0
2voip.blob.core.windows.net,0
2wellsfarg.azurewebsites.net,0
2x2change.online,0
2z8gnawo3x8t.weldotwil.com,0
3033.azurewebsites.net,0
308bfd02.ngrok.io,0
30bonus.online,0
31.170.100.210,0
31.177.78.135,0
31.220.23.236,0
31.220.23.243,0
31.220.40.88,0
31.220.54.165,0
31361f6f.ngrok.io,0
31.3.88.166,0
31uk.x019income-34tax.govuk.33income-34tax.organisations.33income-34tax.co.ukrefx2019.gb.area.user.33income-34tax.admin.areaform.usr.confirmation.33income-34tax.confirmation.area.33income-34tax31.popularlaboratories.com,0
32097479020240-secondary.z22.web.core.windows.net,0
321esds.aws-us.club,0
32330047486209.aw-pay.com,0
323904290322239.pw,0
324895u3873479929349293-secondary.z20.web.core.windows.net,0
326606.msk-ovz.ru,0
3326418541414541lily3.blob.core.windows.net,0
335622656852332.azurewebsites.net,0
33.eu.winterfol.eu,0
33jc.icu,0
341524151harrison3.blob.core.windows.net,0
34663cd6af1694211727ea9cb89588f2.3403111.xyz,0
349266120.awildplace.xyz,0
34og.icu,0
356onlineservicemail.blob.core.windows.net,0
35929b1a.ngrok.io,0
35fe84f4.ngrok.io,0
35ikri3.ascendas-nwu.com,0
35sn.tk,0
3652adua38ea.z5.web.core.windows.net,0
365cash.club,0
365cbange.fun,0
365cbange.icu,0
365cbange.pw,0
365cbange.xyz,0
365cdanqe.net.ru,0
365cdanqe.org.ru,0
365cdanqe.pp.ru,0
365cfanqe.org.ru,0
365cfanqe.pp.ru,0
365chamqe.net.ru,0
365cjange.net.ru,0
365ckanje.org.ru,0
365ckanje.pp.ru,0
365ckanqe.net.ru,0
365ckanqe.org.ru,0
365ckanqe.pp.ru,0
365cnanqe.icu,0
365cvange.net.ru,0
365.email-remoteaccess.sxbluegps.com,0
365office.blob.core.windows.net,0
365securenote.ga,0
37.1.200.237,0
37.139.2.230,0
3758389299384.z13.web.core.windows.net,0
378468459jjn.z19.web.core.windows.net,0
37qfnywtb827pmr8uhmt3xe6emsjcnpoo8msl2bp3s2zhy69gf.xyz,0
38.108.181.102,0
38.143.68.60,0
384bf4e256e9f26b846ef0084f080fd9.4008829.xyz,0
3852a6bb.ngrok.io,0
388212priv8-onion.umbler.net,0
390f634a.ngrok.io,0
39108516.servicio-online.net,0
3a553df414cf66666bca627bd7340257.com,0
3bd69091.ngrok.io,0
3c993ec0.ngrok.io,0
3d1b9c4a17fc4bbf8dd68a501c51df8d.testurl.ws,0
3d8f113e.ngrok.io,0
3dsecure-recent-transaction.assurance-tsl.pw,0
3e2275ec.ngrok.io,0
3egg.icu,0
3pv9.icu,0
3robi.cc,0
3sbilling-secure.servequake.com,0
3.secureform.report,0
3wwcfzdai8zkug20tpqrkg-on.drv.tw,0
3zno.icu,0
400wl.ml,0
401b3bc4058548e8aa07c99eab174ffd.testurl.ws,0
407debt.ncplcorp.com,0
4084l74674.cf,0
409bb94q55qq9.z13.web.core.windows.net,0
40dgsxd8c588d601111841a9a9fdf3c4.com,0
40e24155.ngrok.io,0
40p.fef.myftpupload.com,0
41002358889fy.16mb.com,0
41.208.150.114,0
4151545465414balo4.blob.core.windows.net,0
4154545485451bille2.blob.core.windows.net,0
415645lake8151lake8.blob.core.windows.net,0
41612621621633riddan4.blob.core.windows.net,0
41721689.flsjk93as3t.pw,0
4185bvhggfa.hentaiwonderland.com,0
419274.pl,0
4196416316311611.blob.core.windows.net,0
41ly.icu,0
42161631263balo4.blob.core.windows.net,0
422pfsf.club,0
4264854185485hakym6.blob.core.windows.net,0
42t4.icu,0
43847988437450.blob.core.windows.net,0
43964.tk,0
443232432432323223.blob.core.windows.net,0
44447b616f1cb63315ed5c692b1e9ebe.4365069.xyz,0
444b6dc153de4fcf87f0afc1ddc9ba30.yatu.ws,0
448asilisten.cf,0
448asilisten.ml,0
44lls-confirmed-4ccountsh3leper.dsahgeahg.com,0
44vk-ru.1gb.ru,0
45.124.145.10,0
45.134.1.112,0
45.230.84.189,0
45.236.198.6,0
45.236.209.114,0
454564163212315dypsa4.blob.core.windows.net,0
45.55.52.118,0
45.57.245.121,0
45.57.245.34,0
45656.bounceme.net,0
45676543f6543265.z13.web.core.windows.net,0
456789876543.z13.web.core.windows.net,0
456c8ecc82ef4fc29b31a49e6ecc95e0.4008829.xyz,0
45851121545845ifaybos4.blob.core.windows.net,0
45.89.230.211,0
4590eb69.ngrok.io,0
459696636389156444.weebly.com,0
46.101.100.212,0
46.101.109.137,0
46.101.11.102,0
46.101.140.72,0
46.101.172.233,0
46.101.177.126,0
46.101.209.5,0
46.101.36.153,0
46.101.48.57,0
46126263.ngrok.io,0
46.41.137.149,0
46.41.148.232,0
46.41.149.33,0
4654151514545knfgt2.blob.core.windows.net,0
47.106.67.7,0
47.244.203.135,0
47.254.195.64,0
478239045728990-dot-mail-52875.appspot.com,0
48545455574747funksha5.blob.core.windows.net,0
48564123154harrisson6.blob.core.windows.net,0
4889633333eeq.16mb.com,0
494522ghhhh.16mb.com,0
49.51.153.75,0
49.51.155.171,0
496494964631316.hol.es,0
499j7.tech,0
4a0ab061.ngrok.io,0
4a452d76.ngrok.io,0
4bac67c2.ngrok.io,0
4-cce-co-uk-cc-engineering.azurewebsites.net,0
4-children.ga,0
4da22baffd6d67bdf06237c2c3476f6e.263440.xyz,0
4ep57.app.link,0
4fac7380.ngrok.io,0
4fe045b5.ngrok.io,0
4hdz.icu,0
4love.website,0
4ov8dc.info,0
4p6.c1e.myftpupload.com,0
4qrt.nsifgiy.info,0
4qwz.icu,0
4rewards.net,0
4ty5vb.info,0
4zhenshin.ru,0
5017.16mb.com,0
507a87d9.ngrok.io,0
50alyeew.com,0
50.loginmobile2k18.xyz,0
50oqokda.com,0
51.254.15.110,0
51.5.146.251,0
51559698608683.aw-pay.com,0
517859.ml,0
51.79.24.172,0
51.83.255.5,0
51c63350.ngrok.io,0
51ods.app.link,0
5201602.daralmotajarah.com,0
52.143.153.151,0
521615616516210516knfgt5.blob.core.windows.net,0
52.168.135.213,0
52.168.93.105,0
52.179.103.147,0
52.234.130.223,0
5229-start-att.weebly.com,0
5369884235125.aw-pay.com,0
539793808932737-dot-bhg-tci-ksd.appspot.com,0
53-alert-ref1.azurewebsites.net,0
53-alert-ref4.azurewebsites.net,0
53-alert-ref5.azurewebsites.net,0
53-alert-ref7.azurewebsites.net,0
53-alert-ref.azurewebsites.net,0
53fifththird-system.azurewebsites.net,0
53log.azurewebsites.net,0
5410003698100.16mb.com,0
541623415241limt5.blob.core.windows.net,0
54.170.202.35.bc.googleusercontent.com,0
5452515213dy7.blob.core.windows.net,0
54gad.hentaiwonderland.com,0
54gt5rfd.nl-tipjes129.nl,0
552102321ovokek3.blob.core.windows.net,0
55241541551451sty5.blob.core.windows.net,0
55523a1afa8a61bf.meetinsonpoloo.xyz,0
556262632654james12.blob.core.windows.net,0
55e2f85a.ngrok.io,0
561bcesharepointom.z13.web.core.windows.net,0
5624ws24mn.gq.78389hosdv.kljd712v.ga,0
5626526415641ifybos5.blob.core.windows.net,0
5641564161616lyly15.blob.core.windows.net,0
564800.cf,0
56uw.icu,0
577bde63.ngrok.io,0
5796845.16mb.com,0
57cars.cf,0
584821200000.16mb.com,0
58799996ro.16mb.com,0
58u96bgqr6khn.com,0
59.175.184.35.bc.googleusercontent.com,0
59652965259596harrsin3.blob.core.windows.net,0
59659556526528ed4reigon1.blob.core.windows.net,0
59949c760470474f995b7a1b0dd41a5a.yatu.ws,0
59jfd.amz0n.club,0
5ab575a1.ngrok.io,0
5b0f6cb9-0485-4fc7-9775-eb74bb45bbf6.htmlcomponentservice.com,0
5b68c4e3.ngrok.io,0
5bdd3a0e.ngrok.io,0
5cd4388f11a842188622cd0a2ada8409.yatu.ws,0
5d2397e7.ngrok.io,0
5da6efc3cd834219d183286382380dc1.367829.xyz,0
5efd63136f3b48068bfa5be56aaaf620.testurl.ws,0
5ervicosap.gq,0
5ervicosbr.ga,0
5f205bdbdf50a4df6b2cf630ecdf2bd6bb484479.azurewebsites.net,0
5felm.haridwarhoteltherio.com,0
5hkk.icu,0
5i15-start-att.weebly.com,0
5mail5-ru.1gb.ru,0
5.mxz.biz,0
5okuygg5ogyjcs.z19.web.core.windows.net,0
5.ott1.info,0
5xer3xxkojsi3s414ydwcl6eyffr57g1fhbuju7b1oilpyupjs.xyz,0
60cek.site,0
60dfao-dot-u8ruj-7c4l2c-752rqx.appspot.com,0
60paczka.eu,0
610346.pl,0
61-51.xyz,0
61.57.159.19,0
6261264185michal6.blob.core.windows.net,0
62.77.194.108,0
629-8-10-283-onedrive-attachment.azurewebsites.net,0
629813577914538-dot-gvr-ehc-lsj.appspot.com,0
63wiittfkh02hwyziv2kxs7m6b1vkrd76ltk34bnanq28rbfjb.xyz,0
64165545416lilly6.blob.core.windows.net,0
64.235.243.55,0
6455265265262jams6.blob.core.windows.net,0
647419b2dede.godaddysites.com,0
651445196368594-dot-gvr-ehc-lsj.appspot.com,0
65.254.66.34.bc.googleusercontent.com,0
65girl.icu,0
662e194d.ngrok.io,0
66.8.198.35.bc.googleusercontent.com,0
66.etherpayments.top,0
67.199.146.97,0
67.199.68.195,0
67.205.145.189,0
67.205.147.248,0
67.205.156.6,0
67.205.169.81,0
67.205.172.54,0
67.207.68.88,0
67.207.74.175,0
67.207.86.227,0
67.207.90.40,0
673b4978.ngrok.io,0
676f4.money-frn.net,0
68.183.11.83,0
68.183.12.48,0
68.183.153.131,0
68.183.153.73,0
68.183.181.113,0
68.183.183.130,0
68.183.188.51,0
68.183.188.59,0
68.183.192.209,0
68.183.192.99,0
68.183.193.83,0
68.183.194.126,0
68.183.196.126,0
68.183.196.139,0
68.183.196.31,0
68.183.198.119,0
68.183.199.222,0
68.183.200.143,0
68.183.200.194,0
68.183.201.122,0
68.183.202.13,0
68.183.203.201,0
68.183.204.36,0
68.183.205.117,0
68.183.205.35,0
68.183.207.198,0
68.183.207.27,0
68.183.216.43,0
68.183.222.123,0
68.183.227.48,0
68.183.229.214,0
68.183.230.115,0
68.183.233.113,0
68.183.237.250,0
68.183.237.8,0
68.183.252.180,0
68.183.5.2,0
68.183.65.251,0
68.183.72.218,0
68.183.75.255,0
68.183.7.61,0
68.183.86.127,0
68.183.89.241,0
68.183.91.234,0
68.183.93.105,0
68.183.96.60,0
68.183.97.26,0
68377.money-frn.net,0
68.65.123.20,0
6895648549knfgt6.blob.core.windows.net,0
69.28.55.232,0
69.28.55.239,0
693369.online,0
6971838411193.aw-pay.com,0
69bffd9c.ngrok.io,0
6a004d60.ngrok.io,0
6a3d9fe6e02146ad8729ef9d9195e9f3.testurl.ws,0
6a84ds3a2s1g6a8s1d.g4893h1a6s5d1.dynv6.net,0
